team_id,team,league,rating,games_this_season
12999,Kartanon Herrat,M2D,9.973142690237596,4
578,ToPoLa,M2D,7.116583043075989,2
4736065,HBC Emeritus,M2D,5.529145031107901,0
690,Aalto-Basket,M2D,5.2301254573546565,3
4738337,BC Unelma,M2D,3.60942751718449,3
4695507,HBC Currentus,M2D,2.8914228324620352,0
5754992,TuTo,M2D,2.6203914422763512,0
1001,Kotkajengi,M2D,1.861892724689457,4
5753392,PäLuLu,M2D,0.7660753517503187,0
582,JaKaRi,M2D,0.19539880383520347,4
5751923,Vaasan Salama,M2D,0.12999081635233922,0
4675977,MuKi II,M2D,0.05897141108127779,3
5756430,NaKo,M2D,0.0,0
5756669,Tampereen Pyrintö,M2D,0.0,0
5756844,YMCA Tampere,M2D,0.0,0
5756833,BC Sisu,M2D,0.0,0
972,Ravens,M2D,-0.050794316369057846,3
5754983,BC Lapua,M2D,-0.3507925729931778,0
5755000,Kempele Wild Duckz,M2D,-0.9132701723587112,0
19270,PuHu 2,M2D,-1.5121988187652005,4
4738123,Yökoris Knights,M2D,-1.6529226615060515,3
5755061,YMCA Kokkola,M2D,-2.9780211649283452,0
4726555,Himpulat,M2D,-3.954935237738815,3
307603,101 Basketball Team,M2D,-3.9998043550472975,4
